Source.Name,City,District,Sub-District,PM2.5,Date
PM25_Tambon_1m_2024-01-12.csv,กรุงเทพมหานคร,คลองเตย,คลองเตย,36.90758638,1/1/2024
PM25_Tambon_1m_2024-01-12.csv,กรุงเทพมหานคร,คลองเตย,คลองเตย,39.19455061,2/1/2024
PM25_Tambon_1m_2024-01-12.csv,กรุงเทพมหานคร,คลองเตย,คลองเตย,36.32617271,3/1/2024
PM25_Tambon_1m_2024-01-12.csv,กรุงเทพมหานคร,คลองเตย,คลองเตย,44.16299998,4/1/2024
PM25_Tambon_1m_2024-01-12.csv,กรุงเทพมหานคร,คลองเตย,คลองเตย,36.04191667,5/1/2024
PM25_Tambon_1m_2024-01-12.csv,กรุงเทพมหานคร,คลองเตย,คลองเตย,43.91875,6/1/2024
PM25_Tambon_1m_2024-01-12.csv,กรุงเทพมหานคร,คลองเตย,คลองเตย,46.544875,7/1/2024
PM25_Tambon_1m_2024-01-12.csv,กรุงเทพมหานคร,คลองเตย,คลองเตย,50.69370833,8/1/2024
PM25_Tambon_1m_2024-01-12.csv,กรุงเทพมหานคร,คลองเตย,คลองเตย,80.0695,9/1/2024
PM25_Tambon_1m_2024-01-12.csv,กรุงเทพมหานคร,คลองเตย,คลองเตย,51.41229167,10/1/2024
PM25_Tambon_1m_2024-01-12.csv,กรุงเทพมหานคร,คลองเตย,คลองเตย,39.73475,11/1/2024
PM25_Tambon_1m_2024-01-12.csv,กรุงเทพมหานคร,คลองเตย,คลองเตย,42.242,12/1/2024
PM25_Tambon_1m_2024-02-12.csv,กรุงเทพมหานคร,คลองเตย,คลองเตย,28.29621739,12/1/2024
PM25_Tambon_1m_2024-02-12.csv,กรุงเทพมหานคร,คลองเตย,คลองเตย,33.60675,13/1/2024
PM25_Tambon_1m_2024-02-12.csv,กรุงเทพมหานคร,คลองเตย,คลองเตย,44.03745833,14/1/2024
PM25_Tambon_1m_2024-02-12.csv,กรุงเทพมหานคร,คลองเตย,คลองเตย,38.75616667,15/1/2024
PM25_Tambon_1m_2024-02-12.csv,กรุงเทพมหานคร,คลองเตย,คลองเตย,42.23279167,16/1/2024
PM25_Tambon_1m_2024-02-12.csv,กรุงเทพมหานคร,คลองเตย,คลองเตย,53.51758333,17/1/2024
PM25_Tambon_1m_2024-02-12.csv,กรุงเทพมหานคร,คลองเตย,คลองเตย,62.1485,18/1/2024
PM25_Tambon_1m_2024-02-12.csv,กรุงเทพมหานคร,คลองเตย,คลองเตย,80.41820833,19/1/2024
PM25_Tambon_1m_2024-02-12.csv,กรุงเทพมหานคร,คลองเตย,คลองเตย,59.24608333,20/1/2024
PM25_Tambon_1m_2024-02-12.csv,กรุงเทพมหานคร,คลองเตย,คลองเตย,39.59320833,21/1/2024
PM25_Tambon_1m_2024-02-12.csv,กรุงเทพมหานคร,คลองเตย,คลองเตย,47.73754167,22/1/2024
PM25_Tambon_1m_2024-02-12.csv,กรุงเทพมหานคร,คลองเตย,คลองเตย,60.656,23/1/2024
PM25_Tambon_1m_2024-02-12.csv,กรุงเทพมหานคร,คลองเตย,คลองเตย,39.53175,24/1/2024
PM25_Tambon_1m_2024-02-12.csv,กรุงเทพมหานคร,คลองเตย,คลองเตย,33.11770833,25/1/2024
PM25_Tambon_1m_2024-02-12.csv,กรุงเทพมหานคร,คลองเตย,คลองเตย,42.91177449,26/1/2024
PM25_Tambon_1m_2024-02-12.csv,กรุงเทพมหานคร,คลองเตย,คลองเตย,56.02358333,27/1/2024
PM25_Tambon_1m_2024-02-12.csv,กรุงเทพมหานคร,คลองเตย,คลองเตย,65.46908333,28/1/2024
PM25_Tambon_1m_2024-02-12.csv,กรุงเทพมหานคร,คลองเตย,คลองเตย,51.53470833,29/1/2024
PM25_Tambon_1m_2024-02-12.csv,กรุงเทพมหานคร,คลองเตย,คลองเตย,82.67,30/1/2024
PM25_Tambon_1m_2024-02-12.csv,กรุงเทพมหานคร,คลองเตย,คลองเตย,79.27783333,31/1/2024
PM25_Tambon_1m_2024-02-12.csv,กรุงเทพมหานคร,คลองเตย,คลองเตย,36.97566667,1/2/2024
PM25_Tambon_1m_2024-02-12.csv,กรุงเทพมหานคร,คลองเตย,คลองเตย,22.3745,2/2/2024
PM25_Tambon_1m_2024-02-12.csv,กรุงเทพมหานคร,คลองเตย,คลองเตย,29.07654167,3/2/2024
PM25_Tambon_1m_2024-02-12.csv,กรุงเทพมหานคร,คลองเตย,คลองเตย,22.36883333,4/2/2024
PM25_Tambon_1m_2024-02-12.csv,กรุงเทพมหานคร,คลองเตย,คลองเตย,35.9235,5/2/2024
PM25_Tambon_1m_2024-02-12.csv,กรุงเทพมหานคร,คลองเตย,คลองเตย,22.78429167,6/2/2024
PM25_Tambon_1m_2024-02-12.csv,กรุงเทพมหานคร,คลองเตย,คลองเตย,19.22125,7/2/2024
PM25_Tambon_1m_2024-02-12.csv,กรุงเทพมหานคร,คลองเตย,คลองเตย,17.92958333,8/2/2024
PM25_Tambon_1m_2024-02-12.csv,กรุงเทพมหานคร,คลองเตย,คลองเตย,18.318125,9/2/2024
PM25_Tambon_1m_2024-02-12.csv,กรุงเทพมหานคร,คลองเตย,คลองเตย,43.27029167,10/2/2024
PM25_Tambon_1m_2024-02-12.csv,กรุงเทพมหานคร,คลองเตย,คลองเตย,42.70129167,11/2/2024
PM25_Tambon_1m_2024-02-12.csv,กรุงเทพมหานคร,คลองเตย,คลองเตย,59.003,12/2/2024
PM25_Tambon_1m_2024-03-12.csv,กรุงเทพมหานคร,คลองเตย,คลองเตย,65.68995652,12/2/2024
PM25_Tambon_1m_2024-03-12.csv,กรุงเทพมหานคร,คลองเตย,คลองเตย,77.68766667,13/2/2024
PM25_Tambon_1m_2024-03-12.csv,กรุงเทพมหานคร,คลองเตย,คลองเตย,106.1318333,14/2/2024
PM25_Tambon_1m_2024-03-12.csv,กรุงเทพมหานคร,คลองเตย,คลองเตย,70.35154167,15/2/2024
PM25_Tambon_1m_2024-03-12.csv,กรุงเทพมหานคร,คลองเตย,คลองเตย,33.15795833,16/2/2024
PM25_Tambon_1m_2024-03-12.csv,กรุงเทพมหานคร,คลองเตย,คลองเตย,21.46483333,17/2/2024
PM25_Tambon_1m_2024-03-12.csv,กรุงเทพมหานคร,คลองเตย,คลองเตย,10.66375,18/2/2024
PM25_Tambon_1m_2024-03-12.csv,กรุงเทพมหานคร,คลองเตย,คลองเตย,10.5905,19/2/2024
PM25_Tambon_1m_2024-03-12.csv,กรุงเทพมหานคร,คลองเตย,คลองเตย,9.422083333,20/2/2024
PM25_Tambon_1m_2024-03-12.csv,กรุงเทพมหานคร,คลองเตย,คลองเตย,11.32120833,21/2/2024
PM25_Tambon_1m_2024-03-12.csv,กรุงเทพมหานคร,คลองเตย,คลองเตย,11.110625,22/2/2024
PM25_Tambon_1m_2024-03-12.csv,กรุงเทพมหานคร,คลองเตย,คลองเตย,11.65208333,23/2/2024
PM25_Tambon_1m_2024-03-12.csv,กรุงเทพมหานคร,คลองเตย,คลองเตย,12.36425,24/2/2024
PM25_Tambon_1m_2024-03-12.csv,กรุงเทพมหานคร,คลองเตย,คลองเตย,14.52733333,25/2/2024
PM25_Tambon_1m_2024-03-12.csv,กรุงเทพมหานคร,คลองเตย,คลองเตย,33.278,26/2/2024
PM25_Tambon_1m_2024-03-12.csv,กรุงเทพมหานคร,คลองเตย,คลองเตย,43.08116667,27/2/2024
PM25_Tambon_1m_2024-03-12.csv,กรุงเทพมหานคร,คลองเตย,คลองเตย,28.19733333,28/2/2024
PM25_Tambon_1m_2024-03-12.csv,กรุงเทพมหานคร,คลองเตย,คลองเตย,13.42716667,29/2/2024
PM25_Tambon_1m_2024-03-12.csv,กรุงเทพมหานคร,คลองเตย,คลองเตย,19.78225,1/3/2024
PM25_Tambon_1m_2024-03-12.csv,กรุงเทพมหานคร,คลองเตย,คลองเตย,25.965,2/3/2024
PM25_Tambon_1m_2024-03-12.csv,กรุงเทพมหานคร,คลองเตย,คลองเตย,21.93704167,3/3/2024
PM25_Tambon_1m_2024-03-12.csv,กรุงเทพมหานคร,คลองเตย,คลองเตย,15.05,4/3/2024
PM25_Tambon_1m_2024-03-12.csv,กรุงเทพมหานคร,คลองเตย,คลองเตย,16.717375,5/3/2024
PM25_Tambon_1m_2024-03-12.csv,กรุงเทพมหานคร,คลองเตย,คลองเตย,14.65583333,6/3/2024
PM25_Tambon_1m_2024-03-12.csv,กรุงเทพมหานคร,คลองเตย,คลองเตย,18.57266667,7/3/2024
PM25_Tambon_1m_2024-03-12.csv,กรุงเทพมหานคร,คลองเตย,คลองเตย,14.90958333,8/3/2024
PM25_Tambon_1m_2024-03-12.csv,กรุงเทพมหานคร,คลองเตย,คลองเตย,21.41695833,9/3/2024
PM25_Tambon_1m_2024-03-12.csv,กรุงเทพมหานคร,คลองเตย,คลองเตย,12.82545833,10/3/2024
PM25_Tambon_1m_2024-03-12.csv,กรุงเทพมหานคร,คลองเตย,คลองเตย,29.746375,11/3/2024
PM25_Tambon_1m_2024-03-12.csv,กรุงเทพมหานคร,คลองเตย,คลองเตย,33.007,12/3/2024
PM25_Tambon_1m_2024-04-12.csv,กรุงเทพมหานคร,คลองเตย,คลองเตย,23.9273913,12/3/2024
PM25_Tambon_1m_2024-04-12.csv,กรุงเทพมหานคร,คลองเตย,คลองเตย,14.44129167,13/3/2024
PM25_Tambon_1m_2024-04-12.csv,กรุงเทพมหานคร,คลองเตย,คลองเตย,22.32525,14/3/2024
PM25_Tambon_1m_2024-04-12.csv,กรุงเทพมหานคร,คลองเตย,คลองเตย,16.04425,15/3/2024
PM25_Tambon_1m_2024-04-12.csv,กรุงเทพมหานคร,คลองเตย,คลองเตย,15.92295833,16/3/2024
PM25_Tambon_1m_2024-04-12.csv,กรุงเทพมหานคร,คลองเตย,คลองเตย,12.25270833,17/3/2024
PM25_Tambon_1m_2024-04-12.csv,กรุงเทพมหานคร,คลองเตย,คลองเตย,17.098625,18/3/2024
PM25_Tambon_1m_2024-04-12.csv,กรุงเทพมหานคร,คลองเตย,คลองเตย,26.68079167,19/3/2024
PM25_Tambon_1m_2024-04-12.csv,กรุงเทพมหานคร,คลองเตย,คลองเตย,70.06008333,20/3/2024
PM25_Tambon_1m_2024-04-12.csv,กรุงเทพมหานคร,คลองเตย,คลองเตย,77.310375,21/3/2024
PM25_Tambon_1m_2024-04-12.csv,กรุงเทพมหานคร,คลองเตย,คลองเตย,65.86283333,22/3/2024
PM25_Tambon_1m_2024-04-12.csv,กรุงเทพมหานคร,คลองเตย,คลองเตย,11.90308333,23/3/2024
PM25_Tambon_1m_2024-04-12.csv,กรุงเทพมหานคร,คลองเตย,คลองเตย,18.11454167,24/3/2024
PM25_Tambon_1m_2024-04-12.csv,กรุงเทพมหานคร,คลองเตย,คลองเตย,13.29758333,25/3/2024
PM25_Tambon_1m_2024-04-12.csv,กรุงเทพมหานคร,คลองเตย,คลองเตย,14.085125,26/3/2024
PM25_Tambon_1m_2024-04-12.csv,กรุงเทพมหานคร,คลองเตย,คลองเตย,19.03704167,27/3/2024
PM25_Tambon_1m_2024-04-12.csv,กรุงเทพมหานคร,คลองเตย,คลองเตย,11.13870833,28/3/2024
PM25_Tambon_1m_2024-04-12.csv,กรุงเทพมหานคร,คลองเตย,คลองเตย,19.82404167,29/3/2024
PM25_Tambon_1m_2024-04-12.csv,กรุงเทพมหานคร,คลองเตย,คลองเตย,14.20758333,30/3/2024
PM25_Tambon_1m_2024-04-12.csv,กรุงเทพมหานคร,คลองเตย,คลองเตย,10.20833333,31/3/2024
PM25_Tambon_1m_2024-04-12.csv,กรุงเทพมหานคร,คลองเตย,คลองเตย,42.26729167,1/4/2024
PM25_Tambon_1m_2024-04-12.csv,กรุงเทพมหานคร,คลองเตย,คลองเตย,21.42291667,2/4/2024
PM25_Tambon_1m_2024-04-12.csv,กรุงเทพมหานคร,คลองเตย,คลองเตย,20.92920833,3/4/2024
PM25_Tambon_1m_2024-04-12.csv,กรุงเทพมหานคร,คลองเตย,คลองเตย,22.10083333,4/4/2024
PM25_Tambon_1m_2024-04-12.csv,กรุงเทพมหานคร,คลองเตย,คลองเตย,21.75279167,5/4/2024
PM25_Tambon_1m_2024-04-12.csv,กรุงเทพมหานคร,คลองเตย,คลองเตย,23.43133333,6/4/2024
PM25_Tambon_1m_2024-04-12.csv,กรุงเทพมหานคร,คลองเตย,คลองเตย,18.224625,7/4/2024
PM25_Tambon_1m_2024-04-12.csv,กรุงเทพมหานคร,คลองเตย,คลองเตย,15.028875,8/4/2024
PM25_Tambon_1m_2024-04-12.csv,กรุงเทพมหานคร,คลองเตย,คลองเตย,9.958791667,9/4/2024
PM25_Tambon_1m_2024-04-12.csv,กรุงเทพมหานคร,คลองเตย,คลองเตย,20.77595833,10/4/2024
PM25_Tambon_1m_2024-04-12.csv,กรุงเทพมหานคร,คลองเตย,คลองเตย,71.48729167,11/4/2024
PM25_Tambon_1m_2024-04-12.csv,กรุงเทพมหานคร,คลองเตย,คลองเตย,34.9,12/4/2024
PM25_Tambon_1m_2024-05-12.csv,กรุงเทพมหานคร,คลองเตย,คลองเตย,20.13291304,12/4/2024
PM25_Tambon_1m_2024-05-12.csv,กรุงเทพมหานคร,คลองเตย,คลองเตย,18.482875,13/4/2024
PM25_Tambon_1m_2024-05-12.csv,กรุงเทพมหานคร,คลองเตย,คลองเตย,18.43491667,14/4/2024
PM25_Tambon_1m_2024-05-12.csv,กรุงเทพมหานคร,คลองเตย,คลองเตย,16.25329167,15/4/2024
PM25_Tambon_1m_2024-05-12.csv,กรุงเทพมหานคร,คลองเตย,คลองเตย,12.56825,16/4/2024
PM25_Tambon_1m_2024-05-12.csv,กรุงเทพมหานคร,คลองเตย,คลองเตย,11.55158333,17/4/2024
PM25_Tambon_1m_2024-05-12.csv,กรุงเทพมหานคร,คลองเตย,คลองเตย,27.212125,18/4/2024
PM25_Tambon_1m_2024-05-12.csv,กรุงเทพมหานคร,คลองเตย,คลองเตย,57.24779167,19/4/2024
PM25_Tambon_1m_2024-05-12.csv,กรุงเทพมหานคร,คลองเตย,คลองเตย,62.04833333,20/4/2024
PM25_Tambon_1m_2024-05-12.csv,กรุงเทพมหานคร,คลองเตย,คลองเตย,58.525875,21/4/2024
PM25_Tambon_1m_2024-05-12.csv,กรุงเทพมหานคร,คลองเตย,คลองเตย,34.64958333,22/4/2024
PM25_Tambon_1m_2024-05-12.csv,กรุงเทพมหานคร,คลองเตย,คลองเตย,36.91879071,23/4/2024
PM25_Tambon_1m_2024-05-12.csv,กรุงเทพมหานคร,คลองเตย,คลองเตย,16.58475922,24/4/2024
PM25_Tambon_1m_2024-05-12.csv,กรุงเทพมหานคร,คลองเตย,คลองเตย,11.29980383,25/4/2024
PM25_Tambon_1m_2024-05-12.csv,กรุงเทพมหานคร,คลองเตย,คลองเตย,12.30110662,26/4/2024
PM25_Tambon_1m_2024-05-12.csv,กรุงเทพมหานคร,คลองเตย,คลองเตย,22.24791552,27/4/2024
PM25_Tambon_1m_2024-05-12.csv,กรุงเทพมหานคร,คลองเตย,คลองเตย,9.2533029,28/4/2024
PM25_Tambon_1m_2024-05-12.csv,กรุงเทพมหานคร,คลองเตย,คลองเตย,8.775945751,29/4/2024
PM25_Tambon_1m_2024-05-12.csv,กรุงเทพมหานคร,คลองเตย,คลองเตย,52.97815643,30/4/2024
PM25_Tambon_1m_2024-05-12.csv,กรุงเทพมหานคร,คลองเตย,คลองเตย,67.45658333,1/5/2024
PM25_Tambon_1m_2024-05-12.csv,กรุงเทพมหานคร,คลองเตย,คลองเตย,33.117625,2/5/2024
PM25_Tambon_1m_2024-05-12.csv,กรุงเทพมหานคร,คลองเตย,คลองเตย,35.84566877,3/5/2024
PM25_Tambon_1m_2024-05-12.csv,กรุงเทพมหานคร,คลองเตย,คลองเตย,41.9372024,4/5/2024
PM25_Tambon_1m_2024-05-12.csv,กรุงเทพมหานคร,คลองเตย,คลองเตย,51.11033333,5/5/2024
PM25_Tambon_1m_2024-05-12.csv,กรุงเทพมหานคร,คลองเตย,คลองเตย,52.14317161,6/5/2024
PM25_Tambon_1m_2024-05-12.csv,กรุงเทพมหานคร,คลองเตย,คลองเตย,44.50679167,7/5/2024
PM25_Tambon_1m_2024-05-12.csv,กรุงเทพมหานคร,คลองเตย,คลองเตย,33.20882102,8/5/2024
PM25_Tambon_1m_2024-05-12.csv,กรุงเทพมหานคร,คลองเตย,คลองเตย,26.08062317,9/5/2024
PM25_Tambon_1m_2024-05-12.csv,กรุงเทพมหานคร,คลองเตย,คลองเตย,17.15948435,10/5/2024
PM25_Tambon_1m_2024-05-12.csv,กรุงเทพมหานคร,คลองเตย,คลองเตย,29.12379167,11/5/2024
PM25_Tambon_1m_2024-05-12.csv,กรุงเทพมหานคร,คลองเตย,คลองเตย,52.522,12/5/2024
PM25_Tambon_1m_2024-06-12.csv,กรุงเทพมหานคร,คลองเตย,คลองเตย,44.73680235,12/5/2024
PM25_Tambon_1m_2024-06-12.csv,กรุงเทพมหานคร,คลองเตย,คลองเตย,19.24138261,13/5/2024
PM25_Tambon_1m_2024-06-12.csv,กรุงเทพมหานคร,คลองเตย,คลองเตย,42.82600103,14/5/2024
PM25_Tambon_1m_2024-06-12.csv,กรุงเทพมหานคร,คลองเตย,คลองเตย,60.28582698,15/5/2024
PM25_Tambon_1m_2024-06-12.csv,กรุงเทพมหานคร,คลองเตย,คลองเตย,28.24442321,16/5/2024
PM25_Tambon_1m_2024-06-12.csv,กรุงเทพมหานคร,คลองเตย,คลองเตย,13.03055542,17/5/2024
PM25_Tambon_1m_2024-06-12.csv,กรุงเทพมหานคร,คลองเตย,คลองเตย,22.44292733,18/5/2024
PM25_Tambon_1m_2024-06-12.csv,กรุงเทพมหานคร,คลองเตย,คลองเตย,22.62533515,19/5/2024
PM25_Tambon_1m_2024-06-12.csv,กรุงเทพมหานคร,คลองเตย,คลองเตย,23.74881826,20/5/2024
PM25_Tambon_1m_2024-06-12.csv,กรุงเทพมหานคร,คลองเตย,คลองเตย,26.55231996,21/5/2024
PM25_Tambon_1m_2024-06-12.csv,กรุงเทพมหานคร,คลองเตย,คลองเตย,22.52994665,22/5/2024
PM25_Tambon_1m_2024-06-12.csv,กรุงเทพมหานคร,คลองเตย,คลองเตย,22.25775463,23/5/2024
PM25_Tambon_1m_2024-06-12.csv,กรุงเทพมหานคร,คลองเตย,คลองเตย,22.36658981,24/5/2024
PM25_Tambon_1m_2024-06-12.csv,กรุงเทพมหานคร,คลองเตย,คลองเตย,15.32463488,25/5/2024
PM25_Tambon_1m_2024-06-12.csv,กรุงเทพมหานคร,คลองเตย,คลองเตย,11.7750968,26/5/2024
PM25_Tambon_1m_2024-06-12.csv,กรุงเทพมหานคร,คลองเตย,คลองเตย,17.12173741,27/5/2024
PM25_Tambon_1m_2024-06-12.csv,กรุงเทพมหานคร,คลองเตย,คลองเตย,21.11956404,28/5/2024
PM25_Tambon_1m_2024-06-12.csv,กรุงเทพมหานคร,คลองเตย,คลองเตย,18.7898974,29/5/2024
PM25_Tambon_1m_2024-06-12.csv,กรุงเทพมหานคร,คลองเตย,คลองเตย,26.21637939,30/5/2024
PM25_Tambon_1m_2024-06-12.csv,กรุงเทพมหานคร,คลองเตย,คลองเตย,25.30747575,31/5/2024
PM25_Tambon_1m_2024-06-12.csv,กรุงเทพมหานคร,คลองเตย,คลองเตย,14.09855733,1/6/2024
PM25_Tambon_1m_2024-06-12.csv,กรุงเทพมหานคร,คลองเตย,คลองเตย,12.94573289,2/6/2024
PM25_Tambon_1m_2024-06-12.csv,กรุงเทพมหานคร,คลองเตย,คลองเตย,21.11075,3/6/2024
PM25_Tambon_1m_2024-06-12.csv,กรุงเทพมหานคร,คลองเตย,คลองเตย,28.8439809,4/6/2024
PM25_Tambon_1m_2024-06-12.csv,กรุงเทพมหานคร,คลองเตย,คลองเตย,24.04867559,5/6/2024
PM25_Tambon_1m_2024-06-12.csv,กรุงเทพมหานคร,คลองเตย,คลองเตย,21.73886667,6/6/2024
PM25_Tambon_1m_2024-06-12.csv,กรุงเทพมหานคร,คลองเตย,คลองเตย,25.07168054,7/6/2024
PM25_Tambon_1m_2024-06-12.csv,กรุงเทพมหานคร,คลองเตย,คลองเตย,30.5464327,8/6/2024
PM25_Tambon_1m_2024-06-12.csv,กรุงเทพมหานคร,คลองเตย,คลองเตย,15.0944266,9/6/2024
PM25_Tambon_1m_2024-06-12.csv,กรุงเทพมหานคร,คลองเตย,คลองเตย,13.57313188,10/6/2024
PM25_Tambon_1m_2024-06-12.csv,กรุงเทพมหานคร,คลองเตย,คลองเตย,15.31460703,11/6/2024
PM25_Tambon_1m_2024-06-12.csv,กรุงเทพมหานคร,คลองเตย,คลองเตย,8.327,12/6/2024
PM25_Tambon_1m_2024-07-12.csv,กรุงเทพมหานคร,คลองเตย,คลองเตย,13.11851776,12/6/2024
PM25_Tambon_1m_2024-07-12.csv,กรุงเทพมหานคร,คลองเตย,คลองเตย,29.44907924,13/6/2024
PM25_Tambon_1m_2024-07-12.csv,กรุงเทพมหานคร,คลองเตย,คลองเตย,26.65047411,14/6/2024
PM25_Tambon_1m_2024-07-12.csv,กรุงเทพมหานคร,คลองเตย,คลองเตย,32.88542467,15/6/2024
PM25_Tambon_1m_2024-07-12.csv,กรุงเทพมหานคร,คลองเตย,คลองเตย,22.74362981,16/6/2024
PM25_Tambon_1m_2024-07-12.csv,กรุงเทพมหานคร,คลองเตย,คลองเตย,23.97984704,17/6/2024
PM25_Tambon_1m_2024-07-12.csv,กรุงเทพมหานคร,คลองเตย,คลองเตย,30.74457666,18/6/2024
PM25_Tambon_1m_2024-07-12.csv,กรุงเทพมหานคร,คลองเตย,คลองเตย,31.16893348,19/6/2024
PM25_Tambon_1m_2024-07-12.csv,กรุงเทพมหานคร,คลองเตย,คลองเตย,23.24088234,20/6/2024
PM25_Tambon_1m_2024-07-12.csv,กรุงเทพมหานคร,คลองเตย,คลองเตย,19.84008301,21/6/2024
PM25_Tambon_1m_2024-07-12.csv,กรุงเทพมหานคร,คลองเตย,คลองเตย,19.44410135,22/6/2024
PM25_Tambon_1m_2024-07-12.csv,กรุงเทพมหานคร,คลองเตย,คลองเตย,20.20012621,23/6/2024
PM25_Tambon_1m_2024-07-12.csv,กรุงเทพมหานคร,คลองเตย,คลองเตย,21.50944047,24/6/2024
PM25_Tambon_1m_2024-07-12.csv,กรุงเทพมหานคร,คลองเตย,คลองเตย,17.70412016,25/6/2024
PM25_Tambon_1m_2024-07-12.csv,กรุงเทพมหานคร,คลองเตย,คลองเตย,28.14284962,26/6/2024
PM25_Tambon_1m_2024-07-12.csv,กรุงเทพมหานคร,คลองเตย,คลองเตย,34.82343518,27/6/2024
PM25_Tambon_1m_2024-07-12.csv,กรุงเทพมหานคร,คลองเตย,คลองเตย,25.25091711,28/6/2024
PM25_Tambon_1m_2024-07-12.csv,กรุงเทพมหานคร,คลองเตย,คลองเตย,21.94593373,29/6/2024
PM25_Tambon_1m_2024-07-12.csv,กรุงเทพมหานคร,คลองเตย,คลองเตย,23.03026255,30/6/2024
PM25_Tambon_1m_2024-07-12.csv,กรุงเทพมหานคร,คลองเตย,คลองเตย,13.58842503,1/7/2024
PM25_Tambon_1m_2024-07-12.csv,กรุงเทพมหานคร,คลองเตย,คลองเตย,18.50064995,2/7/2024
PM25_Tambon_1m_2024-07-12.csv,กรุงเทพมหานคร,คลองเตย,คลองเตย,16.58862788,3/7/2024
PM25_Tambon_1m_2024-07-12.csv,กรุงเทพมหานคร,คลองเตย,คลองเตย,20.61568453,4/7/2024
PM25_Tambon_1m_2024-07-12.csv,กรุงเทพมหานคร,คลองเตย,คลองเตย,19.89245679,5/7/2024
PM25_Tambon_1m_2024-07-12.csv,กรุงเทพมหานคร,คลองเตย,คลองเตย,23.82224705,6/7/2024
PM25_Tambon_1m_2024-07-12.csv,กรุงเทพมหานคร,คลองเตย,คลองเตย,15.20691671,7/7/2024
PM25_Tambon_1m_2024-07-12.csv,กรุงเทพมหานคร,คลองเตย,คลองเตย,21.67445757,8/7/2024
PM25_Tambon_1m_2024-07-12.csv,กรุงเทพมหานคร,คลองเตย,คลองเตย,29.29769753,9/7/2024
PM25_Tambon_1m_2024-07-12.csv,กรุงเทพมหานคร,คลองเตย,คลองเตย,23.25802621,10/7/2024
PM25_Tambon_1m_2024-07-12.csv,กรุงเทพมหานคร,คลองเตย,คลองเตย,34.84570092,11/7/2024
PM25_Tambon_1m_2024-07-12.csv,กรุงเทพมหานคร,คลองเตย,คลองเตย,20.20516205,12/7/2024
PM25_Tambon_1m_2024-08-12.csv,กรุงเทพมหานคร,คลองเตย,คลองเตย,27.65154486,12/7/2024
PM25_Tambon_1m_2024-08-12.csv,กรุงเทพมหานคร,คลองเตย,คลองเตย,32.23314286,13/7/2024
PM25_Tambon_1m_2024-08-12.csv,กรุงเทพมหานคร,คลองเตย,คลองเตย,25.68315789,14/7/2024
PM25_Tambon_1m_2024-08-12.csv,กรุงเทพมหานคร,คลองเตย,คลองเตย,30.34825,15/7/2024
PM25_Tambon_1m_2024-08-12.csv,กรุงเทพมหานคร,คลองเตย,คลองเตย,25.53730769,16/7/2024
PM25_Tambon_1m_2024-08-12.csv,กรุงเทพมหานคร,คลองเตย,คลองเตย,30.17166667,17/7/2024
PM25_Tambon_1m_2024-08-12.csv,กรุงเทพมหานคร,คลองเตย,คลองเตย,26.7545,18/7/2024
PM25_Tambon_1m_2024-08-12.csv,กรุงเทพมหานคร,คลองเตย,คลองเตย,18.58170588,19/7/2024
PM25_Tambon_1m_2024-08-12.csv,กรุงเทพมหานคร,คลองเตย,คลองเตย,16.0325625,20/7/2024
PM25_Tambon_1m_2024-08-12.csv,กรุงเทพมหานคร,คลองเตย,คลองเตย,24.24394737,21/7/2024
PM25_Tambon_1m_2024-08-12.csv,กรุงเทพมหานคร,คลองเตย,คลองเตย,37.0533125,22/7/2024
PM25_Tambon_1m_2024-08-12.csv,กรุงเทพมหานคร,คลองเตย,คลองเตย,41.78807692,23/7/2024
PM25_Tambon_1m_2024-08-12.csv,กรุงเทพมหานคร,คลองเตย,คลองเตย,15.7075,24/7/2024
PM25_Tambon_1m_2024-08-12.csv,กรุงเทพมหานคร,คลองเตย,คลองเตย,20.57161538,25/7/2024
PM25_Tambon_1m_2024-08-12.csv,กรุงเทพมหานคร,คลองเตย,คลองเตย,29.78375,26/7/2024
PM25_Tambon_1m_2024-08-12.csv,กรุงเทพมหานคร,คลองเตย,คลองเตย,21.51392308,27/7/2024
PM25_Tambon_1m_2024-08-12.csv,กรุงเทพมหานคร,คลองเตย,คลองเตย,14.26431812,30/7/2024
PM25_Tambon_1m_2024-08-12.csv,กรุงเทพมหานคร,คลองเตย,คลองเตย,12.12678691,31/7/2024
PM25_Tambon_1m_2024-08-12.csv,กรุงเทพมหานคร,คลองเตย,คลองเตย,11.60389807,1/8/2024
PM25_Tambon_1m_2024-08-12.csv,กรุงเทพมหานคร,คลองเตย,คลองเตย,27.91270808,2/8/2024
PM25_Tambon_1m_2024-08-12.csv,กรุงเทพมหานคร,คลองเตย,คลองเตย,25.98566796,3/8/2024
PM25_Tambon_1m_2024-08-12.csv,กรุงเทพมหานคร,คลองเตย,คลองเตย,24.66756876,4/8/2024
PM25_Tambon_1m_2024-08-12.csv,กรุงเทพมหานคร,คลองเตย,คลองเตย,21.12504588,5/8/2024
PM25_Tambon_1m_2024-08-12.csv,กรุงเทพมหานคร,คลองเตย,คลองเตย,31.32704186,6/8/2024
PM25_Tambon_1m_2024-08-12.csv,กรุงเทพมหานคร,คลองเตย,คลองเตย,23.16627459,7/8/2024
PM25_Tambon_1m_2024-08-12.csv,กรุงเทพมหานคร,คลองเตย,คลองเตย,31.95452543,8/8/2024
PM25_Tambon_1m_2024-08-12.csv,กรุงเทพมหานคร,คลองเตย,คลองเตย,19.52285125,9/8/2024
PM25_Tambon_1m_2024-08-12.csv,กรุงเทพมหานคร,คลองเตย,คลองเตย,13.93398903,10/8/2024
PM25_Tambon_1m_2024-08-12.csv,กรุงเทพมหานคร,คลองเตย,คลองเตย,12.77234286,11/8/2024
PM25_Tambon_1m_2024-08-12.csv,กรุงเทพมหานคร,คลองเตย,คลองเตย,13.32339001,12/8/2024
PM25_Tambon_1m_2024-09-12.csv,กรุงเทพมหานคร,คลองเตย,คลองเตย,13.77035854,12/8/2024
PM25_Tambon_1m_2024-09-12.csv,กรุงเทพมหานคร,คลองเตย,คลองเตย,19.24871129,13/8/2024
PM25_Tambon_1m_2024-09-12.csv,กรุงเทพมหานคร,คลองเตย,คลองเตย,31.48512137,14/8/2024
PM25_Tambon_1m_2024-09-12.csv,กรุงเทพมหานคร,คลองเตย,คลองเตย,17.83309881,15/8/2024
PM25_Tambon_1m_2024-09-12.csv,กรุงเทพมหานคร,คลองเตย,คลองเตย,22.8290058,16/8/2024
PM25_Tambon_1m_2024-09-12.csv,กรุงเทพมหานคร,คลองเตย,คลองเตย,20.84704777,17/8/2024
PM25_Tambon_1m_2024-09-12.csv,กรุงเทพมหานคร,คลองเตย,คลองเตย,16.63257404,18/8/2024
PM25_Tambon_1m_2024-09-12.csv,กรุงเทพมหานคร,คลองเตย,คลองเตย,21.93205782,19/8/2024
PM25_Tambon_1m_2024-09-12.csv,กรุงเทพมหานคร,คลองเตย,คลองเตย,30.8713272,20/8/2024
PM25_Tambon_1m_2024-09-12.csv,กรุงเทพมหานคร,คลองเตย,คลองเตย,26.46742853,21/8/2024
PM25_Tambon_1m_2024-09-12.csv,กรุงเทพมหานคร,คลองเตย,คลองเตย,25.36571137,22/8/2024
PM25_Tambon_1m_2024-09-12.csv,กรุงเทพมหานคร,คลองเตย,คลองเตย,25.31864965,23/8/2024
PM25_Tambon_1m_2024-09-12.csv,กรุงเทพมหานคร,คลองเตย,คลองเตย,41.11010603,24/8/2024
PM25_Tambon_1m_2024-09-12.csv,กรุงเทพมหานคร,คลองเตย,คลองเตย,29.13296513,25/8/2024
PM25_Tambon_1m_2024-09-12.csv,กรุงเทพมหานคร,คลองเตย,คลองเตย,18.58857489,26/8/2024
PM25_Tambon_1m_2024-09-12.csv,กรุงเทพมหานคร,คลองเตย,คลองเตย,27.732143,27/8/2024
PM25_Tambon_1m_2024-09-12.csv,กรุงเทพมหานคร,คลองเตย,คลองเตย,20.00638719,28/8/2024
PM25_Tambon_1m_2024-09-12.csv,กรุงเทพมหานคร,คลองเตย,คลองเตย,19.55318471,29/8/2024
PM25_Tambon_1m_2024-09-12.csv,กรุงเทพมหานคร,คลองเตย,คลองเตย,23.15778168,30/8/2024
PM25_Tambon_1m_2024-09-12.csv,กรุงเทพมหานคร,คลองเตย,คลองเตย,22.33104058,31/8/2024
PM25_Tambon_1m_2024-09-12.csv,กรุงเทพมหานคร,คลองเตย,คลองเตย,13.71360668,1/9/2024
PM25_Tambon_1m_2024-09-12.csv,กรุงเทพมหานคร,คลองเตย,คลองเตย,21.57731503,2/9/2024
PM25_Tambon_1m_2024-09-12.csv,กรุงเทพมหานคร,คลองเตย,คลองเตย,31.61160374,3/9/2024
PM25_Tambon_1m_2024-09-12.csv,กรุงเทพมหานคร,คลองเตย,คลองเตย,27.97840158,4/9/2024
PM25_Tambon_1m_2024-09-12.csv,กรุงเทพมหานคร,คลองเตย,คลองเตย,27.53052648,5/9/2024
PM25_Tambon_1m_2024-09-12.csv,กรุงเทพมหานคร,คลองเตย,คลองเตย,27.48770809,6/9/2024
PM25_Tambon_1m_2024-09-12.csv,กรุงเทพมหานคร,คลองเตย,คลองเตย,30.36261781,7/9/2024
PM25_Tambon_1m_2024-09-12.csv,กรุงเทพมหานคร,คลองเตย,คลองเตย,29.15021376,8/9/2024
PM25_Tambon_1m_2024-09-12.csv,กรุงเทพมหานคร,คลองเตย,คลองเตย,23.98613234,9/9/2024
PM25_Tambon_1m_2024-09-12.csv,กรุงเทพมหานคร,คลองเตย,คลองเตย,29.63909038,10/9/2024
PM25_Tambon_1m_2024-09-12.csv,กรุงเทพมหานคร,คลองเตย,คลองเตย,27.39698601,11/9/2024
PM25_Tambon_1m_2024-09-12.csv,กรุงเทพมหานคร,คลองเตย,คลองเตย,20.36618805,12/9/2024
PM25_Tambon_1m_2024-10-12.csv,กรุงเทพมหานคร,คลองเตย,คลองเตย,33.65574157,12/9/2024
PM25_Tambon_1m_2024-10-12.csv,กรุงเทพมหานคร,คลองเตย,คลองเตย,38.85831555,13/9/2024
PM25_Tambon_1m_2024-10-12.csv,กรุงเทพมหานคร,คลองเตย,คลองเตย,31.75067719,14/9/2024
PM25_Tambon_1m_2024-10-12.csv,กรุงเทพมหานคร,คลองเตย,คลองเตย,32.76897017,15/9/2024
PM25_Tambon_1m_2024-10-12.csv,กรุงเทพมหานคร,คลองเตย,คลองเตย,47.70621959,16/9/2024
PM25_Tambon_1m_2024-10-12.csv,กรุงเทพมหานคร,คลองเตย,คลองเตย,42.83563709,17/9/2024
PM25_Tambon_1m_2024-10-12.csv,กรุงเทพมหานคร,คลองเตย,คลองเตย,41.93456028,18/9/2024
PM25_Tambon_1m_2024-10-12.csv,กรุงเทพมหานคร,คลองเตย,คลองเตย,43.23854017,19/9/2024
PM25_Tambon_1m_2024-10-12.csv,กรุงเทพมหานคร,คลองเตย,คลองเตย,28.67820966,20/9/2024
PM25_Tambon_1m_2024-10-12.csv,กรุงเทพมหานคร,คลองเตย,คลองเตย,40.36886374,21/9/2024
PM25_Tambon_1m_2024-10-12.csv,กรุงเทพมหานคร,คลองเตย,คลองเตย,28.71045307,22/9/2024
PM25_Tambon_1m_2024-10-12.csv,กรุงเทพมหานคร,คลองเตย,คลองเตย,30.90733886,23/9/2024
PM25_Tambon_1m_2024-10-12.csv,กรุงเทพมหานคร,คลองเตย,คลองเตย,34.67738104,24/9/2024
PM25_Tambon_1m_2024-10-12.csv,กรุงเทพมหานคร,คลองเตย,คลองเตย,45.44182285,25/9/2024
PM25_Tambon_1m_2024-10-12.csv,กรุงเทพมหานคร,คลองเตย,คลองเตย,50.14081653,26/9/2024
PM25_Tambon_1m_2024-10-12.csv,กรุงเทพมหานคร,คลองเตย,คลองเตย,57.35167201,27/9/2024
PM25_Tambon_1m_2024-10-12.csv,กรุงเทพมหานคร,คลองเตย,คลองเตย,43.01189645,28/9/2024
PM25_Tambon_1m_2024-10-12.csv,กรุงเทพมหานคร,คลองเตย,คลองเตย,16.95376774,29/9/2024
PM25_Tambon_1m_2024-10-12.csv,กรุงเทพมหานคร,คลองเตย,คลองเตย,21.80932206,30/9/2024
PM25_Tambon_1m_2024-10-12.csv,กรุงเทพมหานคร,คลองเตย,คลองเตย,23.83538234,1/10/2024
PM25_Tambon_1m_2024-10-12.csv,กรุงเทพมหานคร,คลองเตย,คลองเตย,23.16141099,2/10/2024
PM25_Tambon_1m_2024-10-12.csv,กรุงเทพมหานคร,คลองเตย,คลองเตย,23.21078491,3/10/2024
PM25_Tambon_1m_2024-10-12.csv,กรุงเทพมหานคร,คลองเตย,คลองเตย,20.936993,4/10/2024
PM25_Tambon_1m_2024-10-12.csv,กรุงเทพมหานคร,คลองเตย,คลองเตย,39.99339342,5/10/2024
PM25_Tambon_1m_2024-10-12.csv,กรุงเทพมหานคร,คลองเตย,คลองเตย,30.94584809,6/10/2024
PM25_Tambon_1m_2024-10-12.csv,กรุงเทพมหานคร,คลองเตย,คลองเตย,39.46234153,7/10/2024
PM25_Tambon_1m_2024-10-12.csv,กรุงเทพมหานคร,คลองเตย,คลองเตย,53.26050262,8/10/2024
PM25_Tambon_1m_2024-10-12.csv,กรุงเทพมหานคร,คลองเตย,คลองเตย,13.92847258,9/10/2024
PM25_Tambon_1m_2024-10-12.csv,กรุงเทพมหานคร,คลองเตย,คลองเตย,26.40528127,10/10/2024
PM25_Tambon_1m_2024-10-12.csv,กรุงเทพมหานคร,คลองเตย,คลองเตย,21.58851614,11/10/2024
PM25_Tambon_1m_2024-10-12.csv,กรุงเทพมหานคร,คลองเตย,คลองเตย,15.05776024,12/10/2024
PM25_Tambon_1m_2024-11-12.csv,กรุงเทพมหานคร,คลองเตย,คลองเตย,45.14312383,12/10/2024
PM25_Tambon_1m_2024-11-12.csv,กรุงเทพมหานคร,คลองเตย,คลองเตย,26.55262601,13/10/2024
PM25_Tambon_1m_2024-11-12.csv,กรุงเทพมหานคร,คลองเตย,คลองเตย,30.95732864,14/10/2024
PM25_Tambon_1m_2024-11-12.csv,กรุงเทพมหานคร,คลองเตย,คลองเตย,47.90302165,15/10/2024
PM25_Tambon_1m_2024-11-12.csv,กรุงเทพมหานคร,คลองเตย,คลองเตย,36.26761206,16/10/2024
PM25_Tambon_1m_2024-11-12.csv,กรุงเทพมหานคร,คลองเตย,คลองเตย,33.12829534,17/10/2024
PM25_Tambon_1m_2024-11-12.csv,กรุงเทพมหานคร,คลองเตย,คลองเตย,27.01775366,18/10/2024
PM25_Tambon_1m_2024-11-12.csv,กรุงเทพมหานคร,คลองเตย,คลองเตย,30.66291285,19/10/2024
PM25_Tambon_1m_2024-11-12.csv,กรุงเทพมหานคร,คลองเตย,คลองเตย,18.05548459,20/10/2024
PM25_Tambon_1m_2024-11-12.csv,กรุงเทพมหานคร,คลองเตย,คลองเตย,27.96703449,21/10/2024
PM25_Tambon_1m_2024-11-12.csv,กรุงเทพมหานคร,คลองเตย,คลองเตย,40.11514803,22/10/2024
PM25_Tambon_1m_2024-11-12.csv,กรุงเทพมหานคร,คลองเตย,คลองเตย,31.17046849,23/10/2024
PM25_Tambon_1m_2024-11-12.csv,กรุงเทพมหานคร,คลองเตย,คลองเตย,48.89247084,24/10/2024
PM25_Tambon_1m_2024-11-12.csv,กรุงเทพมหานคร,คลองเตย,คลองเตย,68.81713247,25/10/2024
PM25_Tambon_1m_2024-11-12.csv,กรุงเทพมหานคร,คลองเตย,คลองเตย,28.88369427,26/10/2024
PM25_Tambon_1m_2024-11-12.csv,กรุงเทพมหานคร,คลองเตย,คลองเตย,18.10386648,27/10/2024
PM25_Tambon_1m_2024-11-12.csv,กรุงเทพมหานคร,คลองเตย,คลองเตย,29.44225653,28/10/2024
PM25_Tambon_1m_2024-11-12.csv,กรุงเทพมหานคร,คลองเตย,คลองเตย,40.35046514,29/10/2024
PM25_Tambon_1m_2024-11-12.csv,กรุงเทพมหานคร,คลองเตย,คลองเตย,33.89823137,30/10/2024
PM25_Tambon_1m_2024-11-12.csv,กรุงเทพมหานคร,คลองเตย,คลองเตย,42.41195162,31/10/2024
PM25_Tambon_1m_2024-11-12.csv,กรุงเทพมหานคร,คลองเตย,คลองเตย,31.32921632,1/11/2024
PM25_Tambon_1m_2024-11-12.csv,กรุงเทพมหานคร,คลองเตย,คลองเตย,46.31346122,2/11/2024
PM25_Tambon_1m_2024-11-12.csv,กรุงเทพมหานคร,คลองเตย,คลองเตย,22.10574206,3/11/2024
PM25_Tambon_1m_2024-11-12.csv,กรุงเทพมหานคร,คลองเตย,คลองเตย,33.54414256,4/11/2024
PM25_Tambon_1m_2024-11-12.csv,กรุงเทพมหานคร,คลองเตย,คลองเตย,34.69294492,5/11/2024
PM25_Tambon_1m_2024-11-12.csv,กรุงเทพมหานคร,คลองเตย,คลองเตย,21.40534071,6/11/2024
PM25_Tambon_1m_2024-11-12.csv,กรุงเทพมหานคร,คลองเตย,คลองเตย,31.17567734,7/11/2024
PM25_Tambon_1m_2024-11-12.csv,กรุงเทพมหานคร,คลองเตย,คลองเตย,22.85185907,8/11/2024
PM25_Tambon_1m_2024-11-12.csv,กรุงเทพมหานคร,คลองเตย,คลองเตย,34.70591211,9/11/2024
PM25_Tambon_1m_2024-11-12.csv,กรุงเทพมหานคร,คลองเตย,คลองเตย,56.17292404,10/11/2024
PM25_Tambon_1m_2024-11-12.csv,กรุงเทพมหานคร,คลองเตย,คลองเตย,41.73549922,11/11/2024
PM25_Tambon_1m_2024-11-12.csv,กรุงเทพมหานคร,คลองเตย,คลองเตย,44.27087402,12/11/2024
PM25_Tambon_1m_2024-12-12.csv,กรุงเทพมหานคร,คลองเตย,คลองเตย,61.17883085,12/11/2024
PM25_Tambon_1m_2024-12-12.csv,กรุงเทพมหานคร,คลองเตย,คลองเตย,68.41008902,13/11/2024
PM25_Tambon_1m_2024-12-12.csv,กรุงเทพมหานคร,คลองเตย,คลองเตย,56.24104548,14/11/2024
PM25_Tambon_1m_2024-12-12.csv,กรุงเทพมหานคร,คลองเตย,คลองเตย,39.87526949,15/11/2024
PM25_Tambon_1m_2024-12-12.csv,กรุงเทพมหานคร,คลองเตย,คลองเตย,30.54660336,16/11/2024
PM25_Tambon_1m_2024-12-12.csv,กรุงเทพมหานคร,คลองเตย,คลองเตย,33.76751383,17/11/2024
PM25_Tambon_1m_2024-12-12.csv,กรุงเทพมหานคร,คลองเตย,คลองเตย,33.75264068,18/11/2024
PM25_Tambon_1m_2024-12-12.csv,กรุงเทพมหานคร,คลองเตย,คลองเตย,28.73676956,19/11/2024
PM25_Tambon_1m_2024-12-12.csv,กรุงเทพมหานคร,คลองเตย,คลองเตย,21.55187349,20/11/2024
PM25_Tambon_1m_2024-12-12.csv,กรุงเทพมหานคร,คลองเตย,คลองเตย,20.11264648,21/11/2024
PM25_Tambon_1m_2024-12-12.csv,กรุงเทพมหานคร,คลองเตย,คลองเตย,30.72489973,22/11/2024
PM25_Tambon_1m_2024-12-12.csv,กรุงเทพมหานคร,คลองเตย,คลองเตย,25.71302891,23/11/2024
PM25_Tambon_1m_2024-12-12.csv,กรุงเทพมหานคร,คลองเตย,คลองเตย,22.97024196,24/11/2024
PM25_Tambon_1m_2024-12-12.csv,กรุงเทพมหานคร,คลองเตย,คลองเตย,31.68068091,25/11/2024
PM25_Tambon_1m_2024-12-12.csv,กรุงเทพมหานคร,คลองเตย,คลองเตย,23.90300731,26/11/2024
PM25_Tambon_1m_2024-12-12.csv,กรุงเทพมหานคร,คลองเตย,คลองเตย,33.42778305,27/11/2024
PM25_Tambon_1m_2024-12-12.csv,กรุงเทพมหานคร,คลองเตย,คลองเตย,20.4256858,28/11/2024
PM25_Tambon_1m_2024-12-12.csv,กรุงเทพมหานคร,คลองเตย,คลองเตย,24.66025047,29/11/2024
PM25_Tambon_1m_2024-12-12.csv,กรุงเทพมหานคร,คลองเตย,คลองเตย,43.13499236,30/11/2024
PM25_Tambon_1m_2024-12-12.csv,กรุงเทพมหานคร,คลองเตย,คลองเตย,60.11926277,1/12/2024
PM25_Tambon_1m_2024-12-12.csv,กรุงเทพมหานคร,คลองเตย,คลองเตย,77.65300131,2/12/2024
PM25_Tambon_1m_2024-12-12.csv,กรุงเทพมหานคร,คลองเตย,คลองเตย,82.00913723,3/12/2024
PM25_Tambon_1m_2024-12-12.csv,กรุงเทพมหานคร,คลองเตย,คลองเตย,57.47129488,4/12/2024
PM25_Tambon_1m_2024-12-12.csv,กรุงเทพมหานคร,คลองเตย,คลองเตย,36.91251532,5/12/2024
PM25_Tambon_1m_2024-12-12.csv,กรุงเทพมหานคร,คลองเตย,คลองเตย,42.79406865,6/12/2024
PM25_Tambon_1m_2024-12-12.csv,กรุงเทพมหานคร,คลองเตย,คลองเตย,49.127732,7/12/2024
PM25_Tambon_1m_2024-12-12.csv,กรุงเทพมหานคร,คลองเตย,คลองเตย,40.73221779,8/12/2024
PM25_Tambon_1m_2024-12-12.csv,กรุงเทพมหานคร,คลองเตย,คลองเตย,31.92895683,9/12/2024
PM25_Tambon_1m_2024-12-12.csv,กรุงเทพมหานคร,คลองเตย,คลองเตย,56.29076453,10/12/2024
PM25_Tambon_1m_2024-12-12.csv,กรุงเทพมหานคร,คลองเตย,คลองเตย,57.17167274,11/12/2024
PM25_Tambon_1m_2024-12-12.csv,กรุงเทพมหานคร,คลองเตย,คลองเตย,96.42292023,12/12/2024
PM25_Tambon_1m_2025-01-12.csv,กรุงเทพมหานคร,คลองเตย,คลองเตย,39.52695836,12/12/2024
PM25_Tambon_1m_2025-01-12.csv,กรุงเทพมหานคร,คลองเตย,คลองเตย,35.6777943,13/12/2024
PM25_Tambon_1m_2025-01-12.csv,กรุงเทพมหานคร,คลองเตย,คลองเตย,48.93838739,14/12/2024
PM25_Tambon_1m_2025-01-12.csv,กรุงเทพมหานคร,คลองเตย,คลองเตย,36.42437657,15/12/2024
PM25_Tambon_1m_2025-01-12.csv,กรุงเทพมหานคร,คลองเตย,คลองเตย,28.19417044,16/12/2024
PM25_Tambon_1m_2025-01-12.csv,กรุงเทพมหานคร,คลองเตย,คลองเตย,45.2260685,17/12/2024
PM25_Tambon_1m_2025-01-12.csv,กรุงเทพมหานคร,คลองเตย,คลองเตย,53.9880895,18/12/2024
PM25_Tambon_1m_2025-01-12.csv,กรุงเทพมหานคร,คลองเตย,คลองเตย,23.47815796,19/12/2024
PM25_Tambon_1m_2025-01-12.csv,กรุงเทพมหานคร,คลองเตย,คลองเตย,46.87661421,20/12/2024
PM25_Tambon_1m_2025-01-12.csv,กรุงเทพมหานคร,คลองเตย,คลองเตย,66.14216638,21/12/2024
PM25_Tambon_1m_2025-01-12.csv,กรุงเทพมหานคร,คลองเตย,คลองเตย,37.24358495,22/12/2024
PM25_Tambon_1m_2025-01-12.csv,กรุงเทพมหานคร,คลองเตย,คลองเตย,37.00271734,23/12/2024
PM25_Tambon_1m_2025-01-12.csv,กรุงเทพมหานคร,คลองเตย,คลองเตย,62.04466621,24/12/2024
PM25_Tambon_1m_2025-01-12.csv,กรุงเทพมหานคร,คลองเตย,คลองเตย,45.38064655,25/12/2024
PM25_Tambon_1m_2025-01-12.csv,กรุงเทพมหานคร,คลองเตย,คลองเตย,52.70827373,26/12/2024
PM25_Tambon_1m_2025-01-12.csv,กรุงเทพมหานคร,คลองเตย,คลองเตย,62.40631207,27/12/2024
PM25_Tambon_1m_2025-01-12.csv,กรุงเทพมหานคร,คลองเตย,คลองเตย,38.57902765,28/12/2024
PM25_Tambon_1m_2025-01-12.csv,กรุงเทพมหานคร,คลองเตย,คลองเตย,25.92096504,29/12/2024
PM25_Tambon_1m_2025-01-12.csv,กรุงเทพมหานคร,คลองเตย,คลองเตย,42.12654376,30/12/2024
PM25_Tambon_1m_2025-01-12.csv,กรุงเทพมหานคร,คลองเตย,คลองเตย,47.73744233,31/12/2024
PM25_Tambon_1m_2025-01-12.csv,กรุงเทพมหานคร,คลองเตย,คลองเตย,48.89168346,1/1/2025
PM25_Tambon_1m_2025-01-12.csv,กรุงเทพมหานคร,คลองเตย,คลองเตย,48.083342,2/1/2025
PM25_Tambon_1m_2025-01-12.csv,กรุงเทพมหานคร,คลองเตย,คลองเตย,52.37143604,3/1/2025
PM25_Tambon_1m_2025-01-12.csv,กรุงเทพมหานคร,คลองเตย,คลองเตย,38.41640202,4/1/2025
PM25_Tambon_1m_2025-01-12.csv,กรุงเทพมหานคร,คลองเตย,คลองเตย,48.16120219,5/1/2025
PM25_Tambon_1m_2025-01-12.csv,กรุงเทพมหานคร,คลองเตย,คลองเตย,46.96457374,6/1/2025
PM25_Tambon_1m_2025-01-12.csv,กรุงเทพมหานคร,คลองเตย,คลองเตย,57.32607297,7/1/2025
PM25_Tambon_1m_2025-01-12.csv,กรุงเทพมหานคร,คลองเตย,คลองเตย,91.11573893,8/1/2025
PM25_Tambon_1m_2025-01-12.csv,กรุงเทพมหานคร,คลองเตย,คลองเตย,65.95170804,9/1/2025
PM25_Tambon_1m_2025-01-12.csv,กรุงเทพมหานคร,คลองเตย,คลองเตย,37.88878353,10/1/2025
PM25_Tambon_1m_2025-01-12.csv,กรุงเทพมหานคร,คลองเตย,คลองเตย,23.21707527,11/1/2025
PM25_Tambon_1m_2025-01-12.csv,กรุงเทพมหานคร,คลองเตย,คลองเตย,10.69918537,12/1/2025
PM25_Tambon_1m_2025-02-12.csv,กรุงเทพมหานคร,คลองเตย,คลองเตย,32.66527852,12/1/2025
PM25_Tambon_1m_2025-02-12.csv,กรุงเทพมหานคร,คลองเตย,คลองเตย,55.21987542,13/1/2025
PM25_Tambon_1m_2025-02-12.csv,กรุงเทพมหานคร,คลองเตย,คลองเตย,75.27832267,14/1/2025
PM25_Tambon_1m_2025-02-12.csv,กรุงเทพมหานคร,คลองเตย,คลองเตย,75.39073912,15/1/2025
PM25_Tambon_1m_2025-02-12.csv,กรุงเทพมหานคร,คลองเตย,คลองเตย,42.0817428,16/1/2025
PM25_Tambon_1m_2025-02-12.csv,กรุงเทพมหานคร,คลองเตย,คลองเตย,27.95103741,17/1/2025
PM25_Tambon_1m_2025-02-12.csv,กรุงเทพมหานคร,คลองเตย,คลองเตย,53.25648181,18/1/2025
PM25_Tambon_1m_2025-02-12.csv,กรุงเทพมหานคร,คลองเตย,คลองเตย,60.15912612,19/1/2025
PM25_Tambon_1m_2025-02-12.csv,กรุงเทพมหานคร,คลองเตย,คลองเตย,73.24856011,20/1/2025
PM25_Tambon_1m_2025-02-12.csv,กรุงเทพมหานคร,คลองเตย,คลองเตย,82.62148158,21/1/2025
PM25_Tambon_1m_2025-02-12.csv,กรุงเทพมหานคร,คลองเตย,คลองเตย,86.33454959,22/1/2025
PM25_Tambon_1m_2025-02-12.csv,กรุงเทพมหานคร,คลองเตย,คลองเตย,104.4800066,23/1/2025
PM25_Tambon_1m_2025-02-12.csv,กรุงเทพมหานคร,คลองเตย,คลองเตย,91.09334389,24/1/2025
PM25_Tambon_1m_2025-02-12.csv,กรุงเทพมหานคร,คลองเตย,คลองเตย,69.74988294,25/1/2025
PM25_Tambon_1m_2025-02-12.csv,กรุงเทพมหานคร,คลองเตย,คลองเตย,39.22018536,26/1/2025
PM25_Tambon_1m_2025-02-12.csv,กรุงเทพมหานคร,คลองเตย,คลองเตย,42.97331174,27/1/2025
PM25_Tambon_1m_2025-02-12.csv,กรุงเทพมหานคร,คลองเตย,คลองเตย,38.79018513,28/1/2025
PM25_Tambon_1m_2025-02-12.csv,กรุงเทพมหานคร,คลองเตย,คลองเตย,36.87541906,29/1/2025
PM25_Tambon_1m_2025-02-12.csv,กรุงเทพมหานคร,คลองเตย,คลองเตย,50.24573787,30/1/2025
PM25_Tambon_1m_2025-02-12.csv,กรุงเทพมหานคร,คลองเตย,คลองเตย,91.85983785,31/1/2025
PM25_Tambon_1m_2025-02-12.csv,กรุงเทพมหานคร,คลองเตย,คลองเตย,62.49692241,1/2/2025
PM25_Tambon_1m_2025-02-12.csv,กรุงเทพมหานคร,คลองเตย,คลองเตย,61.34177152,2/2/2025
PM25_Tambon_1m_2025-02-12.csv,กรุงเทพมหานคร,คลองเตย,คลองเตย,59.32552489,3/2/2025
PM25_Tambon_1m_2025-02-12.csv,กรุงเทพมหานคร,คลองเตย,คลองเตย,55.69107429,4/2/2025
PM25_Tambon_1m_2025-02-12.csv,กรุงเทพมหานคร,คลองเตย,คลองเตย,65.99992832,5/2/2025
PM25_Tambon_1m_2025-02-12.csv,กรุงเทพมหานคร,คลองเตย,คลองเตย,30.86149132,6/2/2025
PM25_Tambon_1m_2025-02-12.csv,กรุงเทพมหานคร,คลองเตย,คลองเตย,39.77815549,7/2/2025
PM25_Tambon_1m_2025-02-12.csv,กรุงเทพมหานคร,คลองเตย,คลองเตย,52.23008172,8/2/2025
PM25_Tambon_1m_2025-02-12.csv,กรุงเทพมหานคร,คลองเตย,คลองเตย,30.56036063,9/2/2025
PM25_Tambon_1m_2025-02-12.csv,กรุงเทพมหานคร,คลองเตย,คลองเตย,28.97599518,10/2/2025
PM25_Tambon_1m_2025-02-12.csv,กรุงเทพมหานคร,คลองเตย,คลองเตย,55.31491836,11/2/2025
PM25_Tambon_1m_2025-02-12.csv,กรุงเทพมหานคร,คลองเตย,คลองเตย,56.83481216,12/2/2025
PM25_Tambon_1m_2025-03-12.csv,กรุงเทพมหานคร,คลองเตย,คลองเตย,96.44742468,12/2/2025
PM25_Tambon_1m_2025-03-12.csv,กรุงเทพมหานคร,คลองเตย,คลองเตย,79.1429588,13/2/2025
PM25_Tambon_1m_2025-03-12.csv,กรุงเทพมหานคร,คลองเตย,คลองเตย,64.07320738,14/2/2025
PM25_Tambon_1m_2025-03-12.csv,กรุงเทพมหานคร,คลองเตย,คลองเตย,54.06901836,15/2/2025
PM25_Tambon_1m_2025-03-12.csv,กรุงเทพมหานคร,คลองเตย,คลองเตย,47.94790403,16/2/2025
PM25_Tambon_1m_2025-03-12.csv,กรุงเทพมหานคร,คลองเตย,คลองเตย,28.09803661,17/2/2025
PM25_Tambon_1m_2025-03-12.csv,กรุงเทพมหานคร,คลองเตย,คลองเตย,25.5558118,18/2/2025
PM25_Tambon_1m_2025-03-12.csv,กรุงเทพมหานคร,คลองเตย,คลองเตย,35.38562109,19/2/2025
PM25_Tambon_1m_2025-03-12.csv,กรุงเทพมหานคร,คลองเตย,คลองเตย,46.25088127,20/2/2025
PM25_Tambon_1m_2025-03-12.csv,กรุงเทพมหานคร,คลองเตย,คลองเตย,58.65526772,21/2/2025
PM25_Tambon_1m_2025-03-12.csv,กรุงเทพมหานคร,คลองเตย,คลองเตย,50.06084061,22/2/2025
PM25_Tambon_1m_2025-03-12.csv,กรุงเทพมหานคร,คลองเตย,คลองเตย,48.42761858,23/2/2025
PM25_Tambon_1m_2025-03-12.csv,กรุงเทพมหานคร,คลองเตย,คลองเตย,31.66028162,24/2/2025
PM25_Tambon_1m_2025-03-12.csv,กรุงเทพมหานคร,คลองเตย,คลองเตย,34.35118167,25/2/2025
PM25_Tambon_1m_2025-03-12.csv,กรุงเทพมหานคร,คลองเตย,คลองเตย,34.94350266,26/2/2025
PM25_Tambon_1m_2025-03-12.csv,กรุงเทพมหานคร,คลองเตย,คลองเตย,41.3270278,27/2/2025
PM25_Tambon_1m_2025-03-12.csv,กรุงเทพมหานคร,คลองเตย,คลองเตย,45.15595722,28/2/2025
PM25_Tambon_1m_2025-03-12.csv,กรุงเทพมหานคร,คลองเตย,คลองเตย,17.32109463,1/3/2025
PM25_Tambon_1m_2025-03-12.csv,กรุงเทพมหานคร,คลองเตย,คลองเตย,12.88782954,2/3/2025
PM25_Tambon_1m_2025-03-12.csv,กรุงเทพมหานคร,คลองเตย,คลองเตย,15.38373643,3/3/2025
PM25_Tambon_1m_2025-03-12.csv,กรุงเทพมหานคร,คลองเตย,คลองเตย,16.16831402,4/3/2025
PM25_Tambon_1m_2025-03-12.csv,กรุงเทพมหานคร,คลองเตย,คลองเตย,13.00330734,5/3/2025
PM25_Tambon_1m_2025-03-12.csv,กรุงเทพมหานคร,คลองเตย,คลองเตย,9.242031912,6/3/2025
PM25_Tambon_1m_2025-03-12.csv,กรุงเทพมหานคร,คลองเตย,คลองเตย,26.27541467,7/3/2025
PM25_Tambon_1m_2025-03-12.csv,กรุงเทพมหานคร,คลองเตย,คลองเตย,45.29930512,8/3/2025
PM25_Tambon_1m_2025-03-12.csv,กรุงเทพมหานคร,คลองเตย,คลองเตย,28.47226413,9/3/2025
PM25_Tambon_1m_2025-03-12.csv,กรุงเทพมหานคร,คลองเตย,คลองเตย,54.81434894,10/3/2025
PM25_Tambon_1m_2025-03-12.csv,กรุงเทพมหานคร,คลองเตย,คลองเตย,34.41786114,11/3/2025
PM25_Tambon_1m_2025-03-12.csv,กรุงเทพมหานคร,คลองเตย,คลองเตย,13.51662731,12/3/2025
PM25_Tambon_1m_2025-04-12.csv,กรุงเทพมหานคร,คลองเตย,คลองเตย,13.80891709,12/3/2025
PM25_Tambon_1m_2025-04-12.csv,กรุงเทพมหานคร,คลองเตย,คลองเตย,16.94936053,13/3/2025
PM25_Tambon_1m_2025-04-12.csv,กรุงเทพมหานคร,คลองเตย,คลองเตย,18.33806443,14/3/2025
PM25_Tambon_1m_2025-04-12.csv,กรุงเทพมหานคร,คลองเตย,คลองเตย,17.21490689,15/3/2025
PM25_Tambon_1m_2025-04-12.csv,กรุงเทพมหานคร,คลองเตย,คลองเตย,17.70561894,16/3/2025
PM25_Tambon_1m_2025-04-12.csv,กรุงเทพมหานคร,คลองเตย,คลองเตย,18.17391157,17/3/2025
PM25_Tambon_1m_2025-04-12.csv,กรุงเทพมหานคร,คลองเตย,คลองเตย,31.46167147,18/3/2025
PM25_Tambon_1m_2025-04-12.csv,กรุงเทพมหานคร,คลองเตย,คลองเตย,27.64983702,19/3/2025
PM25_Tambon_1m_2025-04-12.csv,กรุงเทพมหานคร,คลองเตย,คลองเตย,55.12684131,20/3/2025
PM25_Tambon_1m_2025-04-12.csv,กรุงเทพมหานคร,คลองเตย,คลองเตย,43.7671717,21/3/2025
PM25_Tambon_1m_2025-04-12.csv,กรุงเทพมหานคร,คลองเตย,คลองเตย,58.49340407,22/3/2025
PM25_Tambon_1m_2025-04-12.csv,กรุงเทพมหานคร,คลองเตย,คลองเตย,93.09401337,23/3/2025
PM25_Tambon_1m_2025-04-12.csv,กรุงเทพมหานคร,คลองเตย,คลองเตย,57.81706337,24/3/2025
PM25_Tambon_1m_2025-04-12.csv,กรุงเทพมหานคร,คลองเตย,คลองเตย,28.02130675,25/3/2025
PM25_Tambon_1m_2025-04-12.csv,กรุงเทพมหานคร,คลองเตย,คลองเตย,28.13172479,26/3/2025
PM25_Tambon_1m_2025-04-12.csv,กรุงเทพมหานคร,คลองเตย,คลองเตย,35.85460925,27/3/2025
PM25_Tambon_1m_2025-04-12.csv,กรุงเทพมหานคร,คลองเตย,คลองเตย,34.82345955,28/3/2025
PM25_Tambon_1m_2025-04-12.csv,กรุงเทพมหานคร,คลองเตย,คลองเตย,34.28130913,29/3/2025
PM25_Tambon_1m_2025-04-12.csv,กรุงเทพมหานคร,คลองเตย,คลองเตย,27.04007912,30/3/2025
PM25_Tambon_1m_2025-04-12.csv,กรุงเทพมหานคร,คลองเตย,คลองเตย,28.21652548,31/3/2025
PM25_Tambon_1m_2025-04-12.csv,กรุงเทพมหานคร,คลองเตย,คลองเตย,31.87771507,1/4/2025
PM25_Tambon_1m_2025-04-12.csv,กรุงเทพมหานคร,คลองเตย,คลองเตย,34.52907634,2/4/2025
PM25_Tambon_1m_2025-04-12.csv,กรุงเทพมหานคร,คลองเตย,คลองเตย,23.745326,3/4/2025
PM25_Tambon_1m_2025-04-12.csv,กรุงเทพมหานคร,คลองเตย,คลองเตย,9.288894176,4/4/2025
PM25_Tambon_1m_2025-04-12.csv,กรุงเทพมหานคร,คลองเตย,คลองเตย,11.92804422,5/4/2025
PM25_Tambon_1m_2025-04-12.csv,กรุงเทพมหานคร,คลองเตย,คลองเตย,15.08445871,6/4/2025
PM25_Tambon_1m_2025-04-12.csv,กรุงเทพมหานคร,คลองเตย,คลองเตย,17.64349274,7/4/2025
PM25_Tambon_1m_2025-04-12.csv,กรุงเทพมหานคร,คลองเตย,คลองเตย,21.24313752,8/4/2025
PM25_Tambon_1m_2025-04-12.csv,กรุงเทพมหานคร,คลองเตย,คลองเตย,19.65105319,9/4/2025
PM25_Tambon_1m_2025-04-12.csv,กรุงเทพมหานคร,คลองเตย,คลองเตย,25.09410079,10/4/2025
PM25_Tambon_1m_2025-04-12.csv,กรุงเทพมหานคร,คลองเตย,คลองเตย,26.27206214,11/4/2025
PM25_Tambon_1m_2025-04-12.csv,กรุงเทพมหานคร,คลองเตย,คลองเตย,19.98771095,12/4/2025
